timestamp,host,cpu_usage_pct,user_pct,system_pct,iowait_pct,load_avg_1m
2024-03-20T00:00:00,web-01,24.6,15.8,3.0,5.8,1.08
2024-03-20T00:00:00,web-02,24.5,17.2,4.6,2.7,0.82
2024-03-20T00:00:00,web-03,24.3,15.4,3.7,5.3,0.79
2024-03-20T00:05:00,web-01,25.3,16.0,4.2,5.2,1.03
2024-03-20T00:05:00,web-02,25.7,18.6,2.6,4.6,1.16
2024-03-20T00:05:00,web-03,28.9,20.4,3.9,4.7,1.00
2024-03-20T00:10:00,web-01,27.6,17.0,3.0,7.6,1.26
2024-03-20T00:10:00,web-02,24.3,16.8,4.4,3.1,1.06
2024-03-20T00:10:00,web-03,17.1,11.3,2.7,3.2,0.78
2024-03-20T00:15:00,web-01,23.2,16.1,4.3,2.8,0.96
2024-03-20T00:15:00,web-02,24.7,15.7,3.2,5.9,0.82
2024-03-20T00:15:00,web-03,24.1,15.3,2.7,6.1,0.88
2024-03-20T00:20:00,web-01,23.1,15.2,2.8,5.2,0.84
2024-03-20T00:20:00,web-02,22.8,16.9,3.8,2.2,0.95
2024-03-20T00:20:00,web-03,27.3,17.1,3.8,6.5,1.31
2024-03-20T00:25:00,web-01,29.3,20.4,4.6,4.3,1.26
2024-03-20T00:25:00,web-02,27.9,17.7,2.9,7.3,1.03
2024-03-20T00:25:00,web-03,20.7,13.2,2.5,4.9,0.97
2024-03-20T00:30:00,web-01,26.9,18.8,3.7,4.4,1.25
2024-03-20T00:30:00,web-02,23.2,15.5,2.9,4.7,0.83
2024-03-20T00:30:00,web-03,22.8,15.7,4.3,2.8,0.88
2024-03-20T00:35:00,web-01,24.1,15.3,4.8,4.0,0.97
2024-03-20T00:35:00,web-02,25.8,15.9,4.2,5.7,1.15
2024-03-20T00:35:00,web-03,25.5,16.9,2.7,5.9,0.97
2024-03-20T00:40:00,web-01,28.7,21.4,5.3,2.0,0.92
2024-03-20T00:40:00,web-02,24.9,17.6,4.2,3.1,1.01
2024-03-20T00:40:00,web-03,24.5,15.1,3.5,5.9,0.96
2024-03-20T00:45:00,web-01,29.3,21.7,5.5,2.0,1.06
2024-03-20T00:45:00,web-02,23.1,17.0,4.3,1.8,0.85
2024-03-20T00:45:00,web-03,25.0,17.4,4.0,3.6,0.86
2024-03-20T00:50:00,web-01,25.3,18.1,3.9,3.3,0.81
2024-03-20T00:50:00,web-02,21.3,13.8,2.2,5.3,1.00
2024-03-20T00:50:00,web-03,29.1,18.8,3.1,7.2,1.34
2024-03-20T00:55:00,web-01,21.1,15.6,2.3,3.2,0.84
2024-03-20T00:55:00,web-02,29.6,21.2,3.3,5.1,1.17
2024-03-20T00:55:00,web-03,27.1,18.5,3.4,5.2,1.25
2024-03-20T01:00:00,web-01,23.2,15.8,4.0,3.4,0.82
2024-03-20T01:00:00,web-02,26.0,16.8,5.2,4.0,1.10
2024-03-20T01:00:00,web-03,21.6,13.4,2.7,5.6,0.81
2024-03-20T01:05:00,web-01,26.4,18.2,3.2,5.0,0.94
2024-03-20T01:05:00,web-02,28.8,18.3,5.5,5.0,1.32
2024-03-20T01:05:00,web-03,26.8,16.4,3.3,7.1,1.15
2024-03-20T01:10:00,web-01,25.4,18.8,4.0,2.6,1.00
2024-03-20T01:10:00,web-02,26.6,19.1,4.8,2.7,0.93
2024-03-20T01:10:00,web-03,27.6,18.3,4.1,5.2,1.21
2024-03-20T01:15:00,web-01,26.8,18.8,5.3,2.7,0.90
2024-03-20T01:15:00,web-02,22.8,16.6,2.8,3.3,0.80
2024-03-20T01:15:00,web-03,26.6,17.7,3.8,5.1,0.97
2024-03-20T01:20:00,web-01,25.0,16.7,4.7,3.7,1.02
2024-03-20T01:20:00,web-02,31.8,19.3,6.4,6.1,1.44
2024-03-20T01:20:00,web-03,31.7,23.1,3.7,5.0,1.26
2024-03-20T01:25:00,web-01,23.7,15.0,3.3,5.4,0.78
2024-03-20T01:25:00,web-02,18.7,12.0,3.3,3.4,0.73
2024-03-20T01:25:00,web-03,31.0,20.6,6.1,4.4,1.49
2024-03-20T01:30:00,web-01,20.5,12.8,2.7,5.1,0.97
2024-03-20T01:30:00,web-02,23.4,16.0,3.6,3.7,1.03
2024-03-20T01:30:00,web-03,28.7,19.4,5.3,4.0,0.99
2024-03-20T01:35:00,web-01,26.4,19.6,2.9,3.9,0.92
2024-03-20T01:35:00,web-02,21.3,13.5,2.4,5.4,0.98
2024-03-20T01:35:00,web-03,22.5,14.3,3.6,4.6,0.94
2024-03-20T01:40:00,web-01,21.5,14.6,4.2,2.8,0.76
2024-03-20T01:40:00,web-02,26.9,19.1,3.3,4.5,1.03
2024-03-20T01:40:00,web-03,23.8,15.4,4.2,4.2,0.79
2024-03-20T01:45:00,web-01,22.8,15.2,4.5,3.0,1.09
2024-03-20T01:45:00,web-02,26.9,17.2,5.2,4.5,1.24
2024-03-20T01:45:00,web-03,25.9,19.0,3.6,3.4,0.89
2024-03-20T01:50:00,web-01,27.3,18.9,5.4,3.0,1.16
2024-03-20T01:50:00,web-02,21.0,12.6,3.8,4.5,0.77
2024-03-20T01:50:00,web-03,21.3,13.2,2.4,5.7,0.72
2024-03-20T01:55:00,web-01,18.9,12.9,2.4,3.6,0.79
2024-03-20T01:55:00,web-02,24.6,17.1,3.1,4.4,0.98
2024-03-20T01:55:00,web-03,23.0,16.9,4.2,1.8,0.77
2024-03-20T02:00:00,web-01,22.9,13.7,4.0,5.1,0.96
2024-03-20T02:00:00,web-02,89.8,63.9,13.9,12.0,3.49
2024-03-20T02:00:00,web-03,26.2,19.2,5.0,2.0,1.07
2024-03-20T02:05:00,web-01,25.1,18.2,4.0,2.9,0.86
2024-03-20T02:05:00,web-02,94.3,67.8,17.5,8.9,4.37
2024-03-20T02:05:00,web-03,26.8,17.0,3.4,6.5,0.90
2024-03-20T02:10:00,web-01,26.2,17.3,4.2,4.6,0.90
2024-03-20T02:10:00,web-02,94.5,69.0,18.7,6.9,4.25
2024-03-20T02:10:00,web-03,25.5,18.1,3.4,4.0,1.20
2024-03-20T02:15:00,web-01,24.5,17.7,4.6,2.3,1.10
2024-03-20T02:15:00,web-02,88.8,64.9,16.5,7.4,3.16
2024-03-20T02:15:00,web-03,30.2,21.9,4.4,4.0,1.12
2024-03-20T02:20:00,web-01,25.6,15.5,3.1,7.1,0.95
2024-03-20T02:20:00,web-02,94.1,70.1,12.0,11.9,3.97
2024-03-20T02:20:00,web-03,18.2,12.4,3.5,2.3,0.61
2024-03-20T02:25:00,web-01,30.0,22.4,3.5,4.1,1.42
2024-03-20T02:25:00,web-02,24.9,16.5,4.3,4.0,0.92
2024-03-20T02:25:00,web-03,26.4,18.3,4.0,4.2,1.01
2024-03-20T02:30:00,web-01,23.0,16.2,2.3,4.4,1.07
2024-03-20T02:30:00,web-02,23.9,16.3,4.1,3.5,1.05
2024-03-20T02:30:00,web-03,23.6,14.4,3.9,5.3,0.88
2024-03-20T02:35:00,web-01,22.5,14.6,4.2,3.8,0.98
2024-03-20T02:35:00,web-02,24.2,16.0,3.4,4.8,0.89
2024-03-20T02:35:00,web-03,27.5,17.0,3.9,6.6,1.29
2024-03-20T02:40:00,web-01,22.1,15.3,2.9,3.9,0.90
2024-03-20T02:40:00,web-02,19.2,11.5,2.5,5.2,0.75
2024-03-20T02:40:00,web-03,21.2,14.2,3.1,3.9,0.75
2024-03-20T02:45:00,web-01,22.9,15.4,4.4,3.2,1.02
2024-03-20T02:45:00,web-02,25.6,17.3,4.2,4.1,0.96
2024-03-20T02:45:00,web-03,26.1,18.9,4.6,2.7,1.12
2024-03-20T02:50:00,web-01,25.3,15.3,3.2,6.9,1.00
2024-03-20T02:50:00,web-02,27.0,19.6,2.9,4.5,1.04
2024-03-20T02:50:00,web-03,23.6,16.7,3.5,3.5,0.85
2024-03-20T02:55:00,web-01,23.6,16.5,2.4,4.7,1.04
2024-03-20T02:55:00,web-02,25.2,16.7,3.0,5.5,1.19
2024-03-20T02:55:00,web-03,23.6,16.0,2.5,5.1,0.85
2024-03-20T03:00:00,web-01,26.9,19.4,4.5,3.0,1.29
2024-03-20T03:00:00,web-02,22.3,15.4,4.3,2.6,1.03
2024-03-20T03:00:00,web-03,21.4,14.4,3.9,3.0,0.87
2024-03-20T03:05:00,web-01,21.9,16.1,3.8,2.0,0.87
2024-03-20T03:05:00,web-02,24.9,17.3,4.4,3.2,1.00
2024-03-20T03:05:00,web-03,27.3,18.9,3.5,4.9,0.91
2024-03-20T03:10:00,web-01,24.5,15.9,3.8,4.8,0.84
2024-03-20T03:10:00,web-02,27.3,17.3,4.6,5.4,1.18
2024-03-20T03:10:00,web-03,27.8,19.0,3.9,4.9,0.98
2024-03-20T03:15:00,web-01,26.2,17.4,5.0,3.8,1.08
2024-03-20T03:15:00,web-02,23.0,16.5,3.2,3.4,0.74
2024-03-20T03:15:00,web-03,19.4,12.7,3.4,3.3,0.89
2024-03-20T03:20:00,web-01,28.0,19.9,4.3,3.7,1.17
2024-03-20T03:20:00,web-02,24.1,15.3,2.9,5.9,0.94
2024-03-20T03:20:00,web-03,27.7,19.4,3.9,4.4,0.96
2024-03-20T03:25:00,web-01,25.5,17.1,2.9,5.5,1.07
2024-03-20T03:25:00,web-02,28.0,19.1,2.9,5.9,1.18
2024-03-20T03:25:00,web-03,25.5,15.8,3.7,6.0,0.84
2024-03-20T03:30:00,web-01,23.5,15.3,4.1,4.1,0.89
2024-03-20T03:30:00,web-02,26.4,18.8,4.8,2.7,0.95
2024-03-20T03:30:00,web-03,25.5,17.4,5.1,3.0,0.96
2024-03-20T03:35:00,web-01,25.3,17.6,4.5,3.1,1.07
2024-03-20T03:35:00,web-02,25.2,15.9,2.6,6.8,0.87
2024-03-20T03:35:00,web-03,17.7,10.9,2.9,3.8,0.72
2024-03-20T03:40:00,web-01,25.9,18.5,3.0,4.4,1.08
2024-03-20T03:40:00,web-02,29.6,21.1,3.3,5.2,1.33
2024-03-20T03:40:00,web-03,26.4,15.9,3.5,7.0,1.13
2024-03-20T03:45:00,web-01,24.7,18.4,3.4,2.9,1.07
2024-03-20T03:45:00,web-02,29.1,20.2,3.2,5.7,1.29
2024-03-20T03:45:00,web-03,27.1,19.7,4.3,3.0,0.92
2024-03-20T03:50:00,web-01,30.2,19.7,4.3,6.2,1.15
2024-03-20T03:50:00,web-02,24.5,16.5,3.3,4.6,1.12
2024-03-20T03:50:00,web-03,25.6,19.1,4.2,2.4,1.16
2024-03-20T03:55:00,web-01,23.7,16.8,3.4,3.6,1.04
2024-03-20T03:55:00,web-02,27.3,19.7,4.2,3.4,1.09
2024-03-20T03:55:00,web-03,24.5,16.3,4.2,4.0,0.89
2024-03-20T04:00:00,web-01,28.4,17.4,5.3,5.6,1.02
2024-03-20T04:00:00,web-02,20.5,13.7,3.3,3.5,0.78
2024-03-20T04:00:00,web-03,30.8,19.3,3.7,7.7,1.38
2024-03-20T04:05:00,web-01,26.0,17.0,4.9,4.2,1.13
2024-03-20T04:05:00,web-02,24.9,18.5,2.7,3.7,1.08
2024-03-20T04:05:00,web-03,25.4,17.1,4.5,3.8,1.09
2024-03-20T04:10:00,web-01,22.9,16.4,2.5,3.9,0.81
2024-03-20T04:10:00,web-02,22.2,15.6,2.9,3.7,0.92
2024-03-20T04:10:00,web-03,21.4,14.2,3.7,3.5,0.80
2024-03-20T04:15:00,web-01,25.6,18.1,3.3,4.3,0.92
2024-03-20T04:15:00,web-02,26.4,16.3,4.1,6.0,1.17
2024-03-20T04:15:00,web-03,26.3,16.5,3.2,6.6,1.05
2024-03-20T04:20:00,web-01,23.7,16.1,3.0,4.6,0.80
2024-03-20T04:20:00,web-02,16.9,10.6,2.1,4.2,0.59
2024-03-20T04:20:00,web-03,28.7,18.4,5.7,4.6,1.17
2024-03-20T04:25:00,web-01,25.3,17.8,2.9,4.6,1.16
2024-03-20T04:25:00,web-02,18.9,13.0,2.8,3.2,0.74
2024-03-20T04:25:00,web-03,25.3,15.9,2.7,6.8,1.19
2024-03-20T04:30:00,web-01,19.5,12.9,2.1,4.5,0.82
2024-03-20T04:30:00,web-02,25.8,15.7,3.0,7.1,1.06
2024-03-20T04:30:00,web-03,21.8,13.5,3.8,4.5,0.91
2024-03-20T04:35:00,web-01,34.0,24.5,4.2,5.4,1.37
2024-03-20T04:35:00,web-02,21.9,16.0,4.4,1.6,0.81
2024-03-20T04:35:00,web-03,26.0,18.0,4.2,3.8,1.14
2024-03-20T04:40:00,web-01,26.9,17.0,4.5,5.4,0.93
2024-03-20T04:40:00,web-02,24.3,15.2,2.6,6.5,0.78
2024-03-20T04:40:00,web-03,21.2,13.6,2.6,4.9,0.92
2024-03-20T04:45:00,web-01,26.2,18.5,3.8,3.9,1.13
2024-03-20T04:45:00,web-02,29.7,20.6,4.9,4.2,1.39
2024-03-20T04:45:00,web-03,22.6,15.0,3.5,4.1,0.96
2024-03-20T04:50:00,web-01,29.7,18.1,3.5,8.1,1.10
2024-03-20T04:50:00,web-02,21.9,15.6,3.4,2.9,0.80
2024-03-20T04:50:00,web-03,28.3,19.9,5.5,2.8,1.13
2024-03-20T04:55:00,web-01,28.2,19.0,3.0,6.2,0.92
2024-03-20T04:55:00,web-02,22.6,14.4,2.5,5.7,1.07
2024-03-20T04:55:00,web-03,26.1,18.9,4.1,3.1,1.23
2024-03-20T05:00:00,web-01,29.5,18.9,3.1,7.5,1.30
2024-03-20T05:00:00,web-02,25.0,16.8,4.1,4.1,1.17
2024-03-20T05:00:00,web-03,26.7,18.5,4.0,4.1,0.89
2024-03-20T05:05:00,web-01,28.6,18.7,3.8,6.1,1.22
2024-03-20T05:05:00,web-02,26.7,18.8,3.4,4.5,1.26
2024-03-20T05:05:00,web-03,22.9,16.5,3.6,2.8,0.90
2024-03-20T05:10:00,web-01,24.0,17.9,3.4,2.7,0.96
2024-03-20T05:10:00,web-02,27.4,20.5,4.5,2.4,1.12
2024-03-20T05:10:00,web-03,23.3,15.3,4.1,4.0,0.98
2024-03-20T05:15:00,web-01,26.0,18.6,3.1,4.3,1.06
2024-03-20T05:15:00,web-02,27.9,19.7,3.1,5.1,1.33
2024-03-20T05:15:00,web-03,23.6,16.3,2.9,4.4,0.81
2024-03-20T05:20:00,web-01,21.4,13.1,4.3,4.0,1.00
2024-03-20T05:20:00,web-02,23.8,15.9,2.7,5.2,1.08
2024-03-20T05:20:00,web-03,20.2,13.7,2.6,4.0,0.92
2024-03-20T05:25:00,web-01,25.0,18.7,3.1,3.2,1.02
2024-03-20T05:25:00,web-02,20.0,13.5,3.8,2.7,0.91
2024-03-20T05:25:00,web-03,29.5,18.9,5.3,5.3,1.14
2024-03-20T05:30:00,web-01,28.3,20.4,3.6,4.2,1.04
2024-03-20T05:30:00,web-02,23.6,16.2,4.7,2.6,0.94
2024-03-20T05:30:00,web-03,27.2,17.7,4.2,5.3,1.11
2024-03-20T05:35:00,web-01,28.0,18.7,3.7,5.6,0.98
2024-03-20T05:35:00,web-02,23.7,15.1,4.2,4.4,0.78
2024-03-20T05:35:00,web-03,21.3,15.2,3.6,2.5,0.96
2024-03-20T05:40:00,web-01,21.7,15.7,4.3,1.7,0.86
2024-03-20T05:40:00,web-02,27.9,16.9,4.2,6.8,1.16
2024-03-20T05:40:00,web-03,29.2,19.4,4.5,5.3,1.15
2024-03-20T05:45:00,web-01,20.5,14.5,2.9,3.1,0.87
2024-03-20T05:45:00,web-02,26.9,20.1,3.6,3.2,1.16
2024-03-20T05:45:00,web-03,27.8,19.4,5.1,3.3,1.27
2024-03-20T05:50:00,web-01,26.9,17.4,4.6,4.9,1.19
2024-03-20T05:50:00,web-02,22.7,16.6,2.4,3.8,0.75
2024-03-20T05:50:00,web-03,20.4,15.3,3.6,1.5,0.79
2024-03-20T05:55:00,web-01,20.0,12.3,3.3,4.4,0.92
2024-03-20T05:55:00,web-02,20.7,15.2,2.2,3.3,0.92
2024-03-20T05:55:00,web-03,26.6,17.1,3.7,5.8,0.91
2024-03-20T06:00:00,web-01,21.2,15.2,2.5,3.5,0.71
2024-03-20T06:00:00,web-02,24.2,17.7,3.9,2.6,0.87
2024-03-20T06:00:00,web-03,26.4,17.7,3.3,5.4,0.95
2024-03-20T06:05:00,web-01,24.1,14.5,4.4,5.3,1.12
2024-03-20T06:05:00,web-02,24.2,16.1,3.3,4.8,1.00
2024-03-20T06:05:00,web-03,23.4,16.3,3.3,3.8,0.84
2024-03-20T06:10:00,web-01,26.1,17.2,3.9,5.1,0.94
2024-03-20T06:10:00,web-02,23.3,16.0,3.7,3.7,1.12
2024-03-20T06:10:00,web-03,22.7,15.8,2.9,3.9,0.93
2024-03-20T06:15:00,web-01,33.0,23.2,5.7,4.0,1.08
2024-03-20T06:15:00,web-02,22.2,16.4,2.9,3.0,1.00
2024-03-20T06:15:00,web-03,22.8,15.8,3.1,4.0,0.96
2024-03-20T06:20:00,web-01,21.7,15.4,3.6,2.7,0.99
2024-03-20T06:20:00,web-02,21.9,15.2,4.2,2.5,0.93
2024-03-20T06:20:00,web-03,23.8,16.4,4.1,3.3,0.80
2024-03-20T06:25:00,web-01,28.0,18.0,4.9,5.1,0.98
2024-03-20T06:25:00,web-02,27.5,20.5,4.2,2.8,1.28
2024-03-20T06:25:00,web-03,27.8,20.1,3.5,4.2,1.25
2024-03-20T06:30:00,web-01,19.6,14.0,2.6,3.0,0.66
2024-03-20T06:30:00,web-02,25.6,19.1,2.9,3.6,1.22
2024-03-20T06:30:00,web-03,28.1,21.0,5.5,1.6,1.26
2024-03-20T06:35:00,web-01,21.3,13.9,3.8,3.5,0.69
2024-03-20T06:35:00,web-02,21.8,15.3,3.6,2.9,0.90
2024-03-20T06:35:00,web-03,24.2,17.5,4.7,2.0,0.82
2024-03-20T06:40:00,web-01,25.1,18.4,3.9,2.8,1.17
2024-03-20T06:40:00,web-02,25.7,16.3,2.7,6.7,1.16
2024-03-20T06:40:00,web-03,27.1,17.9,3.1,6.1,1.28
2024-03-20T06:45:00,web-01,23.6,15.3,3.5,4.8,0.79
2024-03-20T06:45:00,web-02,26.2,17.5,4.4,4.3,1.15
2024-03-20T06:45:00,web-03,23.9,17.8,3.4,2.8,1.05
2024-03-20T06:50:00,web-01,26.8,16.4,4.0,6.3,1.03
2024-03-20T06:50:00,web-02,27.6,20.5,2.8,4.2,1.05
2024-03-20T06:50:00,web-03,18.1,13.2,2.0,2.9,0.78
2024-03-20T06:55:00,web-01,27.6,18.8,5.5,3.3,1.04
2024-03-20T06:55:00,web-02,23.4,14.5,4.3,4.6,0.92
2024-03-20T06:55:00,web-03,26.2,18.3,4.3,3.6,1.09
2024-03-20T07:00:00,web-01,30.2,19.2,3.4,7.6,1.24
2024-03-20T07:00:00,web-02,25.7,15.7,4.5,5.5,0.91
2024-03-20T07:00:00,web-03,26.3,17.1,3.0,6.2,1.22
2024-03-20T07:05:00,web-01,30.9,18.6,5.7,6.6,1.06
2024-03-20T07:05:00,web-02,26.6,16.6,4.4,5.5,0.86
2024-03-20T07:05:00,web-03,26.7,16.1,4.8,5.8,0.95
2024-03-20T07:10:00,web-01,24.2,14.7,4.2,5.3,0.98
2024-03-20T07:10:00,web-02,26.7,19.0,3.9,3.7,1.19
2024-03-20T07:10:00,web-03,23.6,15.9,4.6,3.1,0.77
2024-03-20T07:15:00,web-01,24.9,17.9,4.6,2.4,1.00
2024-03-20T07:15:00,web-02,17.5,10.7,2.6,4.3,0.67
2024-03-20T07:15:00,web-03,27.0,19.0,4.0,4.0,1.26
2024-03-20T07:20:00,web-01,26.1,18.0,2.8,5.3,0.95
2024-03-20T07:20:00,web-02,25.5,17.8,4.0,3.8,0.95
2024-03-20T07:20:00,web-03,28.7,19.2,4.6,4.9,0.96
2024-03-20T07:25:00,web-01,24.9,17.5,4.6,2.7,1.06
2024-03-20T07:25:00,web-02,25.6,16.2,3.7,5.7,0.91
2024-03-20T07:25:00,web-03,20.2,13.2,2.9,4.1,0.78
2024-03-20T07:30:00,web-01,27.6,19.3,3.8,4.5,0.95
2024-03-20T07:30:00,web-02,26.8,19.8,2.9,4.1,1.21
2024-03-20T07:30:00,web-03,26.1,18.6,4.7,2.8,1.07
2024-03-20T07:35:00,web-01,25.7,17.7,4.0,4.0,0.96
2024-03-20T07:35:00,web-02,27.0,18.9,4.7,3.4,1.24
2024-03-20T07:35:00,web-03,26.9,19.1,5.3,2.6,1.12
2024-03-20T07:40:00,web-01,22.7,14.3,3.8,4.6,0.81
2024-03-20T07:40:00,web-02,28.2,17.4,5.2,5.6,1.07
2024-03-20T07:40:00,web-03,25.3,18.3,4.7,2.4,1.20
2024-03-20T07:45:00,web-01,21.1,15.2,3.4,2.4,0.89
2024-03-20T07:45:00,web-02,31.8,23.0,4.0,4.7,1.11
2024-03-20T07:45:00,web-03,26.1,18.4,3.4,4.3,0.98
2024-03-20T07:50:00,web-01,31.1,21.3,4.3,5.4,1.06
2024-03-20T07:50:00,web-02,25.2,17.5,2.6,5.1,1.11
2024-03-20T07:50:00,web-03,25.7,16.7,3.5,5.4,1.12
2024-03-20T07:55:00,web-01,28.1,20.1,4.4,3.6,0.94
2024-03-20T07:55:00,web-02,26.7,18.5,4.5,3.7,0.97
2024-03-20T07:55:00,web-03,25.6,17.9,3.8,3.9,1.00
2024-03-20T08:00:00,web-01,16.8,10.3,2.4,4.0,0.61
2024-03-20T08:00:00,web-02,22.5,15.8,3.3,3.4,0.96
2024-03-20T08:00:00,web-03,20.4,14.1,2.1,4.3,0.75
2024-03-20T08:05:00,web-01,18.3,11.6,2.1,4.7,0.66
2024-03-20T08:05:00,web-02,17.3,12.3,2.0,3.0,0.66
2024-03-20T08:05:00,web-03,17.8,12.6,2.7,2.6,0.81
2024-03-20T08:10:00,web-01,17.9,13.1,1.9,3.0,0.58
2024-03-20T08:10:00,web-02,16.4,12.1,3.1,1.2,0.68
2024-03-20T08:10:00,web-03,13.3,8.8,1.5,3.0,0.43
2024-03-20T08:15:00,web-01,15.4,10.0,2.8,2.6,0.65
2024-03-20T08:15:00,web-02,20.8,12.8,3.8,4.2,0.75
2024-03-20T08:15:00,web-03,11.6,8.0,1.8,1.9,0.45
2024-03-20T08:20:00,web-01,16.5,10.7,1.9,3.8,0.66
2024-03-20T08:20:00,web-02,20.0,12.4,3.0,4.6,0.93
2024-03-20T08:20:00,web-03,14.7,10.6,2.7,1.4,0.52
2024-03-20T08:25:00,web-01,21.4,13.3,2.6,5.5,0.89
2024-03-20T08:25:00,web-02,17.8,11.1,3.2,3.5,0.71
2024-03-20T08:25:00,web-03,13.1,9.4,2.3,1.5,0.51
2024-03-20T08:30:00,web-01,20.9,14.6,3.4,3.0,0.96
2024-03-20T08:30:00,web-02,15.7,10.9,1.8,3.0,0.52
2024-03-20T08:30:00,web-03,15.1,9.7,1.6,3.8,0.61
2024-03-20T08:35:00,web-01,18.4,11.9,2.7,3.8,0.61
2024-03-20T08:35:00,web-02,18.1,13.2,3.4,1.5,0.76
2024-03-20T08:35:00,web-03,16.5,11.1,2.4,2.9,0.67
2024-03-20T08:40:00,web-01,19.2,12.8,3.5,2.9,0.81
2024-03-20T08:40:00,web-02,11.3,7.3,1.7,2.3,0.39
2024-03-20T08:40:00,web-03,18.8,13.8,2.5,2.5,0.82
2024-03-20T08:45:00,web-01,18.0,12.2,2.1,3.7,0.65
2024-03-20T08:45:00,web-02,14.5,9.8,1.7,3.0,0.55
2024-03-20T08:45:00,web-03,18.7,12.0,2.6,4.1,0.70
2024-03-20T08:50:00,web-01,13.2,9.2,1.4,2.6,0.44
2024-03-20T08:50:00,web-02,14.4,10.1,1.9,2.5,0.63
2024-03-20T08:50:00,web-03,13.9,10.1,1.9,1.9,0.57
2024-03-20T08:55:00,web-01,12.1,7.5,1.6,2.9,0.57
2024-03-20T08:55:00,web-02,16.5,11.4,3.2,1.9,0.61
2024-03-20T08:55:00,web-03,14.7,9.6,2.6,2.4,0.66
2024-03-20T09:00:00,web-01,18.4,13.1,3.1,2.2,0.74
2024-03-20T09:00:00,web-02,16.2,11.3,2.3,2.6,0.61
2024-03-20T09:00:00,web-03,19.9,12.6,3.9,3.4,0.79
2024-03-20T09:05:00,web-01,22.6,14.3,2.6,5.7,0.75
2024-03-20T09:05:00,web-02,21.9,15.7,4.0,2.2,1.01
2024-03-20T09:05:00,web-03,20.0,12.1,2.7,5.2,0.88
2024-03-20T09:10:00,web-01,23.1,14.4,4.2,4.4,1.02
2024-03-20T09:10:00,web-02,23.3,16.8,2.7,3.8,0.91
2024-03-20T09:10:00,web-03,17.3,11.0,2.5,3.8,0.63
2024-03-20T09:15:00,web-01,23.5,16.7,3.4,3.4,0.95
2024-03-20T09:15:00,web-02,19.1,12.8,3.5,2.8,0.72
2024-03-20T09:15:00,web-03,26.2,19.4,5.2,1.6,1.03
2024-03-20T09:20:00,web-01,20.5,13.9,4.0,2.6,0.93
2024-03-20T09:20:00,web-02,24.0,17.3,2.7,4.0,0.86
2024-03-20T09:20:00,web-03,17.3,11.8,1.9,3.6,0.79
2024-03-20T09:25:00,web-01,16.4,11.9,2.1,2.4,0.72
2024-03-20T09:25:00,web-02,20.2,12.6,2.9,4.7,0.95
2024-03-20T09:25:00,web-03,27.6,17.5,4.0,6.1,1.04
2024-03-20T09:30:00,web-01,22.1,14.9,2.7,4.4,1.06
2024-03-20T09:30:00,web-02,21.3,14.0,2.2,5.1,1.00
2024-03-20T09:30:00,web-03,23.4,16.8,2.7,3.9,0.86
2024-03-20T09:35:00,web-01,17.4,12.6,3.0,1.8,0.60
2024-03-20T09:35:00,web-02,20.2,12.1,2.2,5.9,0.73
2024-03-20T09:35:00,web-03,18.0,13.0,2.8,2.2,0.78
2024-03-20T09:40:00,web-01,19.7,12.7,2.6,4.5,0.64
2024-03-20T09:40:00,web-02,20.9,13.8,3.7,3.3,0.82
2024-03-20T09:40:00,web-03,26.1,18.0,2.7,5.5,1.05
2024-03-20T09:45:00,web-01,25.3,16.1,2.9,6.3,0.98
2024-03-20T09:45:00,web-02,19.4,12.9,3.2,3.3,0.65
2024-03-20T09:45:00,web-03,19.6,14.7,2.1,2.9,0.79
2024-03-20T09:50:00,web-01,12.2,8.3,1.7,2.2,0.48
2024-03-20T09:50:00,web-02,20.7,14.4,4.1,2.2,0.75
2024-03-20T09:50:00,web-03,26.4,17.2,4.6,4.6,1.11
2024-03-20T09:55:00,web-01,21.7,15.5,3.8,2.4,0.81
2024-03-20T09:55:00,web-02,24.7,17.9,2.9,4.0,1.10
2024-03-20T09:55:00,web-03,22.2,14.8,3.8,3.6,0.93
2024-03-20T10:00:00,web-01,25.4,18.2,3.7,3.5,0.93
2024-03-20T10:00:00,web-02,24.0,14.6,2.9,6.6,0.78
2024-03-20T10:00:00,web-03,28.3,21.2,4.4,2.8,1.02
2024-03-20T10:05:00,web-01,23.5,16.8,2.8,4.0,0.89
2024-03-20T10:05:00,web-02,26.2,17.0,2.9,6.2,0.99
2024-03-20T10:05:00,web-03,19.1,14.0,3.3,1.8,0.88
2024-03-20T10:10:00,web-01,18.9,12.7,2.8,3.3,0.88
2024-03-20T10:10:00,web-02,30.3,20.5,5.5,4.3,1.32
2024-03-20T10:10:00,web-03,28.6,20.7,4.4,3.5,1.06
2024-03-20T10:15:00,web-01,26.9,16.5,4.5,6.0,0.99
2024-03-20T10:15:00,web-02,22.5,15.8,3.0,3.6,0.73
2024-03-20T10:15:00,web-03,23.1,16.9,3.1,3.1,1.11
2024-03-20T10:20:00,web-01,23.7,17.6,2.5,3.6,1.00
2024-03-20T10:20:00,web-02,33.3,21.8,6.0,5.5,1.43
2024-03-20T10:20:00,web-03,26.6,18.4,4.7,3.5,0.87
2024-03-20T10:25:00,web-01,24.5,15.0,4.4,5.2,0.93
2024-03-20T10:25:00,web-02,22.1,15.3,3.7,3.1,1.04
2024-03-20T10:25:00,web-03,27.6,18.1,4.9,4.6,1.14
2024-03-20T10:30:00,web-01,22.0,15.4,2.8,3.9,0.74
2024-03-20T10:30:00,web-02,24.4,17.4,3.7,3.4,0.93
2024-03-20T10:30:00,web-03,22.8,14.6,3.3,4.9,1.09
2024-03-20T10:35:00,web-01,24.1,15.5,4.6,4.0,0.96
2024-03-20T10:35:00,web-02,29.2,19.5,5.5,4.2,1.14
2024-03-20T10:35:00,web-03,29.1,17.8,4.9,6.4,1.32
2024-03-20T10:40:00,web-01,23.8,14.5,3.7,5.6,1.10
2024-03-20T10:40:00,web-02,27.5,20.0,4.7,2.8,1.29
2024-03-20T10:40:00,web-03,21.5,14.6,2.4,4.6,0.76
2024-03-20T10:45:00,web-01,20.9,13.0,3.7,4.2,0.68
2024-03-20T10:45:00,web-02,22.3,16.1,3.5,2.8,0.93
2024-03-20T10:45:00,web-03,24.0,14.7,3.1,6.2,1.15
2024-03-20T10:50:00,web-01,24.3,17.4,4.4,2.5,0.81
2024-03-20T10:50:00,web-02,21.4,16.0,3.5,1.9,0.84
2024-03-20T10:50:00,web-03,23.8,17.4,4.2,2.2,1.01
2024-03-20T10:55:00,web-01,22.5,14.1,4.4,4.0,0.88
2024-03-20T10:55:00,web-02,25.9,16.0,3.0,6.9,0.90
2024-03-20T10:55:00,web-03,24.5,15.9,4.2,4.4,0.92
2024-03-20T11:00:00,web-01,34.8,25.3,4.4,5.2,1.47
2024-03-20T11:00:00,web-02,26.6,18.1,3.0,5.4,0.98
2024-03-20T11:00:00,web-03,25.4,15.9,4.9,4.6,0.88
2024-03-20T11:05:00,web-01,28.1,19.7,4.8,3.6,1.17
2024-03-20T11:05:00,web-02,31.0,22.4,3.2,5.4,1.01
2024-03-20T11:05:00,web-03,25.7,17.9,4.0,3.7,1.09
2024-03-20T11:10:00,web-01,29.2,20.3,4.4,4.5,1.23
2024-03-20T11:10:00,web-02,25.8,16.6,5.0,4.1,1.02
2024-03-20T11:10:00,web-03,30.4,19.6,3.3,7.5,1.00
2024-03-20T11:15:00,web-01,24.6,16.4,3.6,4.6,0.87
2024-03-20T11:15:00,web-02,26.8,19.0,4.7,3.2,1.23
2024-03-20T11:15:00,web-03,27.3,20.4,3.1,3.8,1.03
2024-03-20T11:20:00,web-01,26.4,17.7,3.4,5.4,0.95
2024-03-20T11:20:00,web-02,27.9,17.1,3.6,7.2,1.06
2024-03-20T11:20:00,web-03,27.2,19.8,3.2,4.2,1.01
2024-03-20T11:25:00,web-01,27.4,18.8,3.6,5.0,1.21
2024-03-20T11:25:00,web-02,25.3,17.1,3.3,4.9,0.82
2024-03-20T11:25:00,web-03,28.9,21.5,4.4,3.1,1.37
2024-03-20T11:30:00,web-01,29.5,17.9,4.4,7.2,1.36
2024-03-20T11:30:00,web-02,31.6,22.1,4.6,4.9,1.28
2024-03-20T11:30:00,web-03,30.7,22.5,5.3,2.9,1.36
2024-03-20T11:35:00,web-01,26.3,17.2,3.7,5.4,1.08
2024-03-20T11:35:00,web-02,30.2,18.4,4.5,7.2,1.33
2024-03-20T11:35:00,web-03,32.5,20.8,6.5,5.2,1.39
2024-03-20T11:40:00,web-01,34.9,23.0,6.3,5.6,1.30
2024-03-20T11:40:00,web-02,34.4,25.5,6.0,2.9,1.21
2024-03-20T11:40:00,web-03,25.4,15.4,2.9,7.1,0.95
2024-03-20T11:45:00,web-01,28.7,19.2,4.2,5.3,1.20
2024-03-20T11:45:00,web-02,26.2,18.1,3.0,5.0,1.25
2024-03-20T11:45:00,web-03,28.6,20.3,3.7,4.6,1.07
2024-03-20T11:50:00,web-01,30.6,21.6,4.0,5.0,1.38
2024-03-20T11:50:00,web-02,25.6,16.8,4.3,4.5,1.22
2024-03-20T11:50:00,web-03,24.3,17.2,4.1,3.0,0.79
2024-03-20T11:55:00,web-01,26.2,17.6,5.2,3.5,1.17
2024-03-20T11:55:00,web-02,29.5,20.9,4.7,3.9,1.03
2024-03-20T11:55:00,web-03,25.0,17.4,4.0,3.6,1.14
2024-03-20T12:00:00,web-01,35.2,21.3,6.9,7.1,1.19
2024-03-20T12:00:00,web-02,36.1,21.8,4.7,9.6,1.24
2024-03-20T12:00:00,web-03,31.4,22.5,6.0,2.9,1.44
2024-03-20T12:05:00,web-01,29.6,21.0,3.1,5.4,1.01
2024-03-20T12:05:00,web-02,33.2,23.2,5.1,4.9,1.23
2024-03-20T12:05:00,web-03,35.1,21.9,6.7,6.4,1.31
2024-03-20T12:10:00,web-01,29.4,20.8,4.8,3.7,1.27
2024-03-20T12:10:00,web-02,36.6,25.3,4.4,6.9,1.32
2024-03-20T12:10:00,web-03,30.5,22.8,4.0,3.8,1.12
2024-03-20T12:15:00,web-01,31.7,20.0,5.4,6.3,1.18
2024-03-20T12:15:00,web-02,28.4,20.5,3.6,4.4,0.97
2024-03-20T12:15:00,web-03,38.2,26.8,5.3,6.1,1.82
2024-03-20T12:20:00,web-01,35.6,25.7,4.6,5.4,1.30
2024-03-20T12:20:00,web-02,25.7,18.2,3.5,4.1,1.00
2024-03-20T12:20:00,web-03,32.4,20.4,5.0,7.0,1.52
2024-03-20T12:25:00,web-01,35.9,25.3,4.1,6.5,1.50
2024-03-20T12:25:00,web-02,30.6,21.4,4.7,4.5,1.29
2024-03-20T12:25:00,web-03,31.3,19.1,4.4,7.9,1.36
2024-03-20T12:30:00,web-01,36.7,22.0,5.7,9.0,1.72
2024-03-20T12:30:00,web-02,35.5,23.5,6.9,5.2,1.64
2024-03-20T12:30:00,web-03,30.5,22.7,4.0,3.8,1.29
2024-03-20T12:35:00,web-01,32.8,24.1,3.6,5.1,1.35
2024-03-20T12:35:00,web-02,27.8,20.6,5.3,1.9,0.97
2024-03-20T12:35:00,web-03,31.4,23.0,3.7,4.7,1.47
2024-03-20T12:40:00,web-01,35.5,23.9,6.9,4.7,1.68
2024-03-20T12:40:00,web-02,32.4,24.0,6.1,2.4,1.04
2024-03-20T12:40:00,web-03,31.2,23.3,4.0,3.9,1.49
2024-03-20T12:45:00,web-01,31.9,21.7,4.8,5.4,1.50
2024-03-20T12:45:00,web-02,34.5,21.7,3.8,9.0,1.19
2024-03-20T12:45:00,web-03,29.8,19.9,3.7,6.1,1.04
2024-03-20T12:50:00,web-01,32.1,22.0,5.6,4.5,1.12
2024-03-20T12:50:00,web-02,27.2,19.8,5.2,2.2,1.23
2024-03-20T12:50:00,web-03,31.2,21.9,3.7,5.7,1.07
2024-03-20T12:55:00,web-01,32.4,21.0,4.0,7.3,1.17
2024-03-20T12:55:00,web-02,33.0,24.5,4.3,4.2,1.44
2024-03-20T12:55:00,web-03,37.5,22.6,6.2,8.7,1.62
2024-03-20T13:00:00,web-01,37.0,23.9,5.2,7.9,1.48
2024-03-20T13:00:00,web-02,36.2,26.6,6.2,3.5,1.34
2024-03-20T13:00:00,web-03,40.5,26.1,6.5,7.9,1.44
2024-03-20T13:05:00,web-01,40.1,24.9,4.6,10.6,1.76
2024-03-20T13:05:00,web-02,33.2,22.6,4.9,5.7,1.35
2024-03-20T13:05:00,web-03,33.7,23.6,4.1,6.0,1.21
2024-03-20T13:10:00,web-01,35.8,21.9,5.2,8.7,1.55
2024-03-20T13:10:00,web-02,29.5,18.1,4.6,6.8,0.97
2024-03-20T13:10:00,web-03,32.2,22.1,3.7,6.4,1.20
2024-03-20T13:15:00,web-01,34.6,23.4,3.9,7.3,1.22
2024-03-20T13:15:00,web-02,34.5,23.3,6.2,4.9,1.35
2024-03-20T13:15:00,web-03,35.0,23.7,5.1,6.2,1.15
2024-03-20T13:20:00,web-01,30.3,21.5,4.2,4.6,1.37
2024-03-20T13:20:00,web-02,36.9,26.3,5.8,4.8,1.21
2024-03-20T13:20:00,web-03,35.0,26.2,6.8,2.0,1.16
2024-03-20T13:25:00,web-01,36.5,27.0,3.8,5.7,1.41
2024-03-20T13:25:00,web-02,36.2,27.0,6.0,3.2,1.40
2024-03-20T13:25:00,web-03,30.5,22.9,4.2,3.4,1.40
2024-03-20T13:30:00,web-01,38.0,26.7,6.3,5.0,1.55
2024-03-20T13:30:00,web-02,34.0,23.7,4.6,5.7,1.18
2024-03-20T13:30:00,web-03,32.0,22.7,3.9,5.4,1.03
2024-03-20T13:35:00,web-01,34.8,21.0,4.5,9.3,1.49
2024-03-20T13:35:00,web-02,32.1,23.2,4.0,4.9,1.20
2024-03-20T13:35:00,web-03,34.6,22.2,6.7,5.7,1.51
2024-03-20T13:40:00,web-01,39.8,26.4,7.0,6.4,1.83
2024-03-20T13:40:00,web-02,39.2,23.6,4.7,10.9,1.32
2024-03-20T13:40:00,web-03,39.6,27.9,4.1,7.5,1.73
2024-03-20T13:45:00,web-01,36.5,24.1,4.5,7.9,1.29
2024-03-20T13:45:00,web-02,36.3,24.5,4.7,7.1,1.63
2024-03-20T13:45:00,web-03,34.8,24.7,4.6,5.5,1.45
2024-03-20T13:50:00,web-01,34.4,22.2,3.9,8.3,1.46
2024-03-20T13:50:00,web-02,33.3,21.1,4.3,7.9,1.10
2024-03-20T13:50:00,web-03,41.5,30.5,6.7,4.2,1.61
2024-03-20T13:55:00,web-01,95.5,71.2,18.5,5.7,4.08
2024-03-20T13:55:00,web-02,36.2,24.0,4.2,8.1,1.38
2024-03-20T13:55:00,web-03,33.0,23.6,4.9,4.6,1.51
2024-03-20T14:00:00,web-01,97.6,72.0,15.3,10.4,4.64
2024-03-20T14:00:00,web-02,42.5,29.0,4.8,8.6,1.52
2024-03-20T14:00:00,web-03,39.2,29.0,7.2,3.0,1.31
2024-03-20T14:05:00,web-01,97.1,61.0,12.3,23.7,4.15
2024-03-20T14:05:00,web-02,33.1,20.8,5.8,6.5,1.44
2024-03-20T14:05:00,web-03,34.3,23.5,5.1,5.8,1.58
2024-03-20T14:10:00,web-01,92.1,68.2,18.1,5.8,3.12
2024-03-20T14:10:00,web-02,44.5,33.4,6.6,4.5,1.60
2024-03-20T14:10:00,web-03,36.4,26.8,5.6,3.9,1.62
2024-03-20T14:15:00,web-01,36.8,24.2,5.6,7.0,1.39
2024-03-20T14:15:00,web-02,37.7,25.5,4.1,8.1,1.80
2024-03-20T14:15:00,web-03,41.6,27.9,7.6,6.1,1.94
2024-03-20T14:20:00,web-01,35.9,24.5,4.4,6.9,1.23
2024-03-20T14:20:00,web-02,40.2,25.7,7.8,6.7,1.66
2024-03-20T14:20:00,web-03,36.5,23.7,5.0,7.8,1.65
2024-03-20T14:25:00,web-01,38.8,26.2,6.4,6.2,1.67
2024-03-20T14:25:00,web-02,37.7,28.1,6.2,3.4,1.50
2024-03-20T14:25:00,web-03,43.6,27.2,7.8,8.5,1.51
2024-03-20T14:30:00,web-01,37.3,27.5,5.8,4.0,1.58
2024-03-20T14:30:00,web-02,34.6,21.1,3.6,10.0,1.57
2024-03-20T14:30:00,web-03,42.2,30.1,6.0,6.1,1.92
2024-03-20T14:35:00,web-01,36.5,23.2,6.2,7.1,1.17
2024-03-20T14:35:00,web-02,35.1,24.3,5.8,4.9,1.47
2024-03-20T14:35:00,web-03,37.9,25.5,5.6,6.8,1.22
2024-03-20T14:40:00,web-01,37.6,25.5,4.8,7.3,1.79
2024-03-20T14:40:00,web-02,37.8,22.8,6.9,8.2,1.62
2024-03-20T14:40:00,web-03,40.3,24.8,4.4,11.0,1.38
2024-03-20T14:45:00,web-01,31.8,20.0,4.9,7.0,1.43
2024-03-20T14:45:00,web-02,37.7,24.7,5.3,7.7,1.55
2024-03-20T14:45:00,web-03,41.0,30.7,5.0,5.3,1.76
2024-03-20T14:50:00,web-01,40.5,29.5,7.1,3.9,1.36
2024-03-20T14:50:00,web-02,34.4,22.6,5.3,6.5,1.13
2024-03-20T14:50:00,web-03,39.8,26.9,5.7,7.2,1.77
2024-03-20T14:55:00,web-01,38.1,26.1,7.1,4.9,1.28
2024-03-20T14:55:00,web-02,37.1,23.4,6.9,6.7,1.71
2024-03-20T14:55:00,web-03,37.8,25.4,4.0,8.5,1.26
2024-03-20T15:00:00,web-01,45.2,31.0,4.7,9.6,2.12
2024-03-20T15:00:00,web-02,36.6,23.7,7.2,5.7,1.51
2024-03-20T15:00:00,web-03,39.6,26.1,4.3,9.2,1.37
2024-03-20T15:05:00,web-01,34.8,22.1,6.4,6.3,1.33
2024-03-20T15:05:00,web-02,41.6,29.7,4.7,7.2,1.99
2024-03-20T15:05:00,web-03,37.9,26.8,5.7,5.3,1.80
2024-03-20T15:10:00,web-01,42.5,30.9,5.7,6.0,1.88
2024-03-20T15:10:00,web-02,40.6,30.1,5.7,4.7,1.80
2024-03-20T15:10:00,web-03,41.8,31.3,6.2,4.3,1.58
2024-03-20T15:15:00,web-01,39.9,29.6,5.7,4.6,1.71
2024-03-20T15:15:00,web-02,38.8,26.9,7.0,4.9,1.68
2024-03-20T15:15:00,web-03,38.4,23.5,4.4,10.5,1.67
2024-03-20T15:20:00,web-01,36.2,23.4,4.0,8.8,1.16
2024-03-20T15:20:00,web-02,35.8,23.1,4.9,7.8,1.30
2024-03-20T15:20:00,web-03,40.8,27.2,6.3,7.2,1.57
2024-03-20T15:25:00,web-01,40.9,24.7,5.5,10.7,1.37
2024-03-20T15:25:00,web-02,37.3,24.5,4.8,8.0,1.43
2024-03-20T15:25:00,web-03,38.0,23.3,7.2,7.5,1.76
2024-03-20T15:30:00,web-01,43.4,27.1,6.0,10.3,1.48
2024-03-20T15:30:00,web-02,39.0,25.1,5.8,8.0,1.29
2024-03-20T15:30:00,web-03,36.6,24.6,3.9,8.0,1.32
2024-03-20T15:35:00,web-01,40.7,26.0,6.6,8.2,1.69
2024-03-20T15:35:00,web-02,40.0,25.8,7.8,6.4,1.49
2024-03-20T15:35:00,web-03,40.8,28.3,7.4,5.2,1.52
2024-03-20T15:40:00,web-01,36.7,26.7,7.2,2.7,1.25
2024-03-20T15:40:00,web-02,44.2,28.7,8.6,7.0,1.56
2024-03-20T15:40:00,web-03,36.4,27.2,4.7,4.6,1.57
2024-03-20T15:45:00,web-01,46.6,31.4,7.3,7.9,1.67
2024-03-20T15:45:00,web-02,35.6,23.4,4.0,8.2,1.46
2024-03-20T15:45:00,web-03,43.4,29.9,6.7,6.8,1.86
2024-03-20T15:50:00,web-01,32.4,21.7,5.5,5.2,1.27
2024-03-20T15:50:00,web-02,37.2,23.9,6.3,7.0,1.68
2024-03-20T15:50:00,web-03,40.4,27.2,6.6,6.5,1.45
2024-03-20T15:55:00,web-01,36.5,25.5,6.3,4.7,1.63
2024-03-20T15:55:00,web-02,47.7,32.0,6.7,9.0,1.91
2024-03-20T15:55:00,web-03,43.6,32.2,7.4,4.0,1.77
2024-03-20T16:00:00,web-01,40.7,29.9,6.3,4.6,1.72
2024-03-20T16:00:00,web-02,37.3,22.8,6.6,7.8,1.58
2024-03-20T16:00:00,web-03,37.3,22.7,7.4,7.3,1.60
2024-03-20T16:05:00,web-01,43.4,28.7,7.6,7.2,2.06
2024-03-20T16:05:00,web-02,39.6,25.3,6.0,8.3,1.60
2024-03-20T16:05:00,web-03,40.2,27.6,6.3,6.2,1.57
2024-03-20T16:10:00,web-01,36.0,24.8,5.4,5.8,1.35
2024-03-20T16:10:00,web-02,43.3,26.1,4.8,12.4,1.67
2024-03-20T16:10:00,web-03,41.4,30.7,4.7,6.0,1.53
2024-03-20T16:15:00,web-01,39.6,26.5,4.8,8.4,1.57
2024-03-20T16:15:00,web-02,36.8,25.9,4.9,6.0,1.35
2024-03-20T16:15:00,web-03,40.5,29.2,4.5,6.8,1.85
2024-03-20T16:20:00,web-01,37.3,23.3,7.4,6.6,1.34
2024-03-20T16:20:00,web-02,36.4,22.8,4.2,9.4,1.49
2024-03-20T16:20:00,web-03,42.1,27.8,5.0,9.3,1.78
2024-03-20T16:25:00,web-01,39.4,26.2,4.1,9.2,1.65
2024-03-20T16:25:00,web-02,41.3,27.2,7.0,7.1,1.46
2024-03-20T16:25:00,web-03,43.8,31.2,7.9,4.7,1.45
2024-03-20T16:30:00,web-01,44.9,28.2,6.0,10.7,1.76
2024-03-20T16:30:00,web-02,43.6,27.9,8.1,7.6,1.76
2024-03-20T16:30:00,web-03,37.4,25.9,5.9,5.6,1.41
2024-03-20T16:35:00,web-01,36.9,26.8,6.0,4.1,1.66
2024-03-20T16:35:00,web-02,39.3,27.2,4.3,7.8,1.34
2024-03-20T16:35:00,web-03,37.6,23.2,4.9,9.5,1.31
2024-03-20T16:40:00,web-01,38.8,25.7,4.4,8.7,1.48
2024-03-20T16:40:00,web-02,36.6,23.0,6.0,7.6,1.58
2024-03-20T16:40:00,web-03,32.1,22.0,4.8,5.4,1.10
2024-03-20T16:45:00,web-01,29.8,19.3,4.3,6.2,0.98
2024-03-20T16:45:00,web-02,39.7,24.7,7.2,7.9,1.88
2024-03-20T16:45:00,web-03,40.3,27.3,6.0,7.0,1.73
2024-03-20T16:50:00,web-01,35.0,23.6,3.8,7.7,1.14
2024-03-20T16:50:00,web-02,42.9,30.6,5.5,6.7,1.56
2024-03-20T16:50:00,web-03,38.2,25.6,6.7,6.0,1.69
2024-03-20T16:55:00,web-01,39.6,27.0,4.4,8.2,1.34
2024-03-20T16:55:00,web-02,40.9,26.8,7.5,6.7,1.34
2024-03-20T16:55:00,web-03,34.5,24.4,5.3,4.7,1.65
2024-03-20T17:00:00,web-01,44.0,31.4,5.7,6.9,2.11
2024-03-20T17:00:00,web-02,42.9,28.6,5.8,8.5,1.93
2024-03-20T17:00:00,web-03,30.6,21.9,3.8,4.9,1.38
2024-03-20T17:05:00,web-01,43.1,29.6,5.8,7.6,1.87
2024-03-20T17:05:00,web-02,38.3,23.8,4.6,9.9,1.35
2024-03-20T17:05:00,web-03,38.1,23.2,5.2,9.8,1.39
2024-03-20T17:10:00,web-01,36.9,26.0,4.8,6.1,1.34
2024-03-20T17:10:00,web-02,38.8,28.3,7.7,2.8,1.67
2024-03-20T17:10:00,web-03,45.8,32.9,8.8,4.1,2.20
2024-03-20T17:15:00,web-01,43.8,32.0,4.9,6.9,2.01
2024-03-20T17:15:00,web-02,39.5,28.6,7.0,3.9,1.69
2024-03-20T17:15:00,web-03,44.2,29.8,7.0,7.5,1.61
2024-03-20T17:20:00,web-01,36.7,25.5,6.9,4.3,1.23
2024-03-20T17:20:00,web-02,41.2,27.9,5.3,8.0,1.93
2024-03-20T17:20:00,web-03,34.5,22.4,3.5,8.6,1.53
2024-03-20T17:25:00,web-01,44.9,31.9,7.8,5.3,1.77
2024-03-20T17:25:00,web-02,38.0,23.2,5.8,9.0,1.35
2024-03-20T17:25:00,web-03,37.1,24.6,4.5,7.9,1.35
2024-03-20T17:30:00,web-01,40.8,28.0,6.4,6.4,1.62
2024-03-20T17:30:00,web-02,37.1,24.2,6.2,6.7,1.22
2024-03-20T17:30:00,web-03,43.7,29.3,4.9,9.6,2.00
2024-03-20T17:35:00,web-01,42.6,28.4,4.3,9.9,2.01
2024-03-20T17:35:00,web-02,40.8,25.3,6.7,8.8,1.41
2024-03-20T17:35:00,web-03,43.9,32.5,5.6,5.8,1.86
2024-03-20T17:40:00,web-01,39.5,29.0,4.6,5.8,1.51
2024-03-20T17:40:00,web-02,42.4,27.4,7.2,7.8,1.51
2024-03-20T17:40:00,web-03,36.9,22.1,5.4,9.3,1.26
2024-03-20T17:45:00,web-01,35.6,22.6,6.0,7.1,1.14
2024-03-20T17:45:00,web-02,37.6,28.2,5.4,4.1,1.28
2024-03-20T17:45:00,web-03,34.3,20.9,4.7,8.6,1.50
2024-03-20T17:50:00,web-01,41.6,30.4,4.7,6.4,1.84
2024-03-20T17:50:00,web-02,41.0,29.3,4.7,7.1,1.97
2024-03-20T17:50:00,web-03,41.8,25.1,6.9,9.8,1.63
2024-03-20T17:55:00,web-01,42.4,30.0,6.9,5.5,1.46
2024-03-20T17:55:00,web-02,35.6,26.0,3.9,5.8,1.20
2024-03-20T17:55:00,web-03,41.9,29.9,6.7,5.4,1.60
2024-03-20T18:00:00,web-01,40.5,25.2,5.2,10.2,1.35
2024-03-20T18:00:00,web-02,37.4,25.5,6.0,5.9,1.56
2024-03-20T18:00:00,web-03,38.8,28.2,6.4,4.2,1.43
2024-03-20T18:05:00,web-01,33.5,22.7,5.1,5.7,1.47
2024-03-20T18:05:00,web-02,37.7,27.7,7.4,2.6,1.51
2024-03-20T18:05:00,web-03,39.0,24.0,5.8,9.1,1.62
2024-03-20T18:10:00,web-01,29.8,22.3,5.8,1.7,1.02
2024-03-20T18:10:00,web-02,36.5,26.6,5.7,4.2,1.38
2024-03-20T18:10:00,web-03,35.9,26.7,6.4,2.9,1.16
2024-03-20T18:15:00,web-01,33.3,20.3,4.2,8.8,1.09
2024-03-20T18:15:00,web-02,42.9,29.0,7.0,6.9,1.72
2024-03-20T18:15:00,web-03,40.0,26.5,6.8,6.7,1.33
2024-03-20T18:20:00,web-01,33.9,21.8,4.4,7.7,1.36
2024-03-20T18:20:00,web-02,37.0,23.4,6.7,7.0,1.50
2024-03-20T18:20:00,web-03,34.7,25.2,5.8,3.7,1.15
2024-03-20T18:25:00,web-01,40.7,28.7,7.0,5.0,1.85
2024-03-20T18:25:00,web-02,39.2,26.1,5.7,7.4,1.64
2024-03-20T18:25:00,web-03,38.4,24.8,6.7,6.9,1.69
2024-03-20T18:30:00,web-01,41.4,29.2,4.8,7.4,1.96
2024-03-20T18:30:00,web-02,41.2,28.0,7.3,5.9,1.79
2024-03-20T18:30:00,web-03,38.8,27.8,4.9,6.0,1.79
2024-03-20T18:35:00,web-01,39.3,28.2,4.1,7.1,1.77
2024-03-20T18:35:00,web-02,37.8,26.7,6.0,5.1,1.26
2024-03-20T18:35:00,web-03,39.1,26.1,5.3,7.6,1.56
2024-03-20T18:40:00,web-01,35.4,22.6,3.9,8.9,1.46
2024-03-20T18:40:00,web-02,36.8,26.1,4.5,6.2,1.48
2024-03-20T18:40:00,web-03,43.7,27.9,6.4,9.5,1.67
2024-03-20T18:45:00,web-01,39.6,24.7,7.7,7.3,1.81
2024-03-20T18:45:00,web-02,31.7,22.5,4.5,4.7,1.18
2024-03-20T18:45:00,web-03,35.8,23.7,6.2,5.9,1.30
2024-03-20T18:50:00,web-01,40.5,27.4,7.7,5.5,1.41
2024-03-20T18:50:00,web-02,39.4,28.4,7.8,3.2,1.86
2024-03-20T18:50:00,web-03,41.0,26.4,7.6,7.1,1.53
2024-03-20T18:55:00,web-01,39.4,26.9,4.0,8.5,1.39
2024-03-20T18:55:00,web-02,35.6,24.7,5.2,5.7,1.48
2024-03-20T18:55:00,web-03,37.0,24.9,6.6,5.5,1.30
2024-03-20T19:00:00,web-01,39.7,25.3,4.0,10.4,1.53
2024-03-20T19:00:00,web-02,32.6,20.7,4.4,7.5,1.48
2024-03-20T19:00:00,web-03,40.9,24.5,6.8,9.6,1.86
2024-03-20T19:05:00,web-01,30.5,21.6,3.4,5.5,1.23
2024-03-20T19:05:00,web-02,35.9,21.8,7.2,6.9,1.56
2024-03-20T19:05:00,web-03,39.1,24.0,7.5,7.6,1.81
2024-03-20T19:10:00,web-01,31.0,20.3,6.1,4.5,1.03
2024-03-20T19:10:00,web-02,35.0,21.5,4.0,9.5,1.58
2024-03-20T19:10:00,web-03,39.1,26.0,7.7,5.4,1.40
2024-03-20T19:15:00,web-01,37.4,23.9,4.9,8.6,1.67
2024-03-20T19:15:00,web-02,34.1,22.1,4.3,7.7,1.13
2024-03-20T19:15:00,web-03,30.9,19.5,5.5,5.9,1.28
2024-03-20T19:20:00,web-01,36.6,24.5,5.1,6.9,1.49
2024-03-20T19:20:00,web-02,37.1,27.6,4.5,5.0,1.37
2024-03-20T19:20:00,web-03,35.5,22.1,6.0,7.4,1.60
2024-03-20T19:25:00,web-01,37.1,26.1,3.9,7.1,1.68
2024-03-20T19:25:00,web-02,35.0,22.3,4.7,7.9,1.41
2024-03-20T19:25:00,web-03,36.8,25.8,4.6,6.3,1.76
2024-03-20T19:30:00,web-01,38.6,25.8,6.7,6.1,1.39
2024-03-20T19:30:00,web-02,36.2,24.2,6.5,5.4,1.24
2024-03-20T19:30:00,web-03,41.2,30.8,4.7,5.8,1.86
2024-03-20T19:35:00,web-01,36.0,23.6,5.9,6.5,1.52
2024-03-20T19:35:00,web-02,33.6,24.2,3.4,5.9,1.11
2024-03-20T19:35:00,web-03,34.5,25.3,5.0,4.1,1.17
2024-03-20T19:40:00,web-01,40.3,26.2,4.2,9.9,1.59
2024-03-20T19:40:00,web-02,32.4,20.3,5.1,7.1,1.46
2024-03-20T19:40:00,web-03,35.0,24.6,4.1,6.3,1.24
2024-03-20T19:45:00,web-01,36.1,22.6,4.6,8.8,1.66
2024-03-20T19:45:00,web-02,39.7,25.3,5.1,9.3,1.53
2024-03-20T19:45:00,web-03,36.5,24.9,3.9,7.7,1.33
2024-03-20T19:50:00,web-01,36.9,27.0,5.6,4.2,1.55
2024-03-20T19:50:00,web-02,37.1,26.7,6.7,3.7,1.78
2024-03-20T19:50:00,web-03,36.2,24.7,5.4,6.1,1.69
2024-03-20T19:55:00,web-01,32.8,22.2,4.6,6.1,1.15
2024-03-20T19:55:00,web-02,34.7,25.5,6.2,3.0,1.14
2024-03-20T19:55:00,web-03,37.5,28.1,5.7,3.7,1.66
2024-03-20T20:00:00,web-01,40.6,25.0,6.7,8.9,1.47
2024-03-20T20:00:00,web-02,32.5,23.5,6.2,2.8,1.07
2024-03-20T20:00:00,web-03,34.6,25.2,6.2,3.2,1.30
2024-03-20T20:05:00,web-01,32.5,23.6,6.0,2.9,1.13
2024-03-20T20:05:00,web-02,28.0,19.7,5.4,2.9,0.91
2024-03-20T20:05:00,web-03,29.5,20.8,5.7,3.0,1.21
2024-03-20T20:10:00,web-01,30.7,23.0,5.8,2.0,1.22
2024-03-20T20:10:00,web-02,31.8,20.5,4.7,6.5,1.06
2024-03-20T20:10:00,web-03,32.7,22.2,3.3,7.2,1.53
2024-03-20T20:15:00,web-01,34.6,21.8,3.9,8.9,1.50
2024-03-20T20:15:00,web-02,37.5,24.4,3.8,9.4,1.55
2024-03-20T20:15:00,web-03,29.7,21.9,5.3,2.5,1.35
2024-03-20T20:20:00,web-01,37.4,24.5,7.3,5.6,1.43
2024-03-20T20:20:00,web-02,26.6,16.4,3.5,6.8,0.91
2024-03-20T20:20:00,web-03,36.5,26.2,7.2,3.1,1.55
2024-03-20T20:25:00,web-01,38.6,24.2,7.6,6.8,1.66
2024-03-20T20:25:00,web-02,37.3,23.6,5.9,7.7,1.30
2024-03-20T20:25:00,web-03,30.2,19.5,5.1,5.6,1.03
2024-03-20T20:30:00,web-01,31.5,23.4,4.4,3.7,1.51
2024-03-20T20:30:00,web-02,25.3,18.8,2.6,3.8,1.05
2024-03-20T20:30:00,web-03,39.4,25.0,6.2,8.3,1.85
2024-03-20T20:35:00,web-01,28.8,17.9,5.0,5.9,1.03
2024-03-20T20:35:00,web-02,34.3,25.1,3.7,5.4,1.49
2024-03-20T20:35:00,web-03,32.3,22.5,6.1,3.7,1.26
2024-03-20T20:40:00,web-01,32.3,19.7,4.1,8.5,1.09
2024-03-20T20:40:00,web-02,34.8,20.9,4.8,9.1,1.52
2024-03-20T20:40:00,web-03,38.6,26.0,5.3,7.3,1.57
2024-03-20T20:45:00,web-01,31.3,19.3,4.6,7.4,1.43
2024-03-20T20:45:00,web-02,29.8,18.6,3.2,8.0,1.36
2024-03-20T20:45:00,web-03,28.8,18.5,3.8,6.4,1.36
2024-03-20T20:50:00,web-01,34.1,22.4,5.9,5.8,1.39
2024-03-20T20:50:00,web-02,33.3,24.5,3.6,5.2,1.38
2024-03-20T20:50:00,web-03,29.9,18.1,5.8,6.0,1.04
2024-03-20T20:55:00,web-01,30.2,22.2,3.5,4.6,1.02
2024-03-20T20:55:00,web-02,33.0,23.3,5.7,4.1,1.44
2024-03-20T20:55:00,web-03,34.4,22.0,4.4,8.0,1.23
2024-03-20T21:00:00,web-01,28.7,20.8,3.3,4.6,1.08
2024-03-20T21:00:00,web-02,26.2,17.4,3.4,5.4,1.12
2024-03-20T21:00:00,web-03,23.4,14.1,2.7,6.5,0.86
2024-03-20T21:05:00,web-01,23.8,14.6,4.4,4.8,0.88
2024-03-20T21:05:00,web-02,22.2,15.5,2.4,4.3,0.90
2024-03-20T21:05:00,web-03,27.1,17.0,5.1,5.0,1.03
2024-03-20T21:10:00,web-01,22.8,15.3,2.8,4.7,0.83
2024-03-20T21:10:00,web-02,25.8,15.7,4.5,5.6,1.10
2024-03-20T21:10:00,web-03,27.4,18.6,5.4,3.3,1.13
2024-03-20T21:15:00,web-01,26.4,18.0,4.9,3.5,1.19
2024-03-20T21:15:00,web-02,21.8,15.9,3.2,2.7,1.00
2024-03-20T21:15:00,web-03,26.8,18.0,2.9,5.9,1.25
2024-03-20T21:20:00,web-01,24.2,17.8,4.4,2.1,1.04
2024-03-20T21:20:00,web-02,21.5,14.9,2.4,4.2,0.95
2024-03-20T21:20:00,web-03,29.0,21.7,5.2,2.1,0.99
2024-03-20T21:25:00,web-01,32.7,21.7,6.5,4.5,1.27
2024-03-20T21:25:00,web-02,29.2,21.2,3.7,4.4,1.36
2024-03-20T21:25:00,web-03,24.9,18.4,2.7,3.9,0.95
2024-03-20T21:30:00,web-01,22.9,14.7,3.3,4.9,1.05
2024-03-20T21:30:00,web-02,26.6,19.1,4.3,3.2,1.07
2024-03-20T21:30:00,web-03,22.3,13.9,3.5,4.9,0.98
2024-03-20T21:35:00,web-01,26.5,19.6,5.1,1.8,1.09
2024-03-20T21:35:00,web-02,27.0,18.4,3.6,5.0,1.04
2024-03-20T21:35:00,web-03,26.5,17.4,3.9,5.1,1.10
2024-03-20T21:40:00,web-01,27.3,17.0,4.4,5.9,1.18
2024-03-20T21:40:00,web-02,25.6,15.5,4.8,5.2,0.95
2024-03-20T21:40:00,web-03,25.4,18.7,4.8,1.8,0.82
2024-03-20T21:45:00,web-01,29.9,21.6,3.9,4.4,1.09
2024-03-20T21:45:00,web-02,20.4,12.5,3.8,4.0,0.70
2024-03-20T21:45:00,web-03,25.2,18.8,3.6,2.8,1.14
2024-03-20T21:50:00,web-01,24.6,17.2,2.9,4.5,0.87
2024-03-20T21:50:00,web-02,28.1,20.3,4.9,2.9,1.24
2024-03-20T21:50:00,web-03,28.7,19.5,3.3,5.9,1.06
2024-03-20T21:55:00,web-01,20.9,14.1,2.4,4.4,0.95
2024-03-20T21:55:00,web-02,25.5,16.1,4.7,4.8,1.16
2024-03-20T21:55:00,web-03,24.5,15.6,3.6,5.3,1.14
2024-03-20T22:00:00,web-01,24.3,17.6,3.7,3.1,1.03
2024-03-20T22:00:00,web-02,22.7,14.0,2.3,6.3,0.86
2024-03-20T22:00:00,web-03,23.4,17.1,3.7,2.6,0.88
2024-03-20T22:05:00,web-01,24.0,15.0,4.5,4.5,1.05
2024-03-20T22:05:00,web-02,24.1,15.8,2.8,5.4,0.99
2024-03-20T22:05:00,web-03,22.7,16.9,4.2,1.6,0.96
2024-03-20T22:10:00,web-01,24.0,15.8,2.4,5.7,1.07
2024-03-20T22:10:00,web-02,22.9,16.4,2.3,4.2,1.07
2024-03-20T22:10:00,web-03,22.6,13.6,2.8,6.2,1.01
2024-03-20T22:15:00,web-01,21.7,14.0,4.3,3.4,0.92
2024-03-20T22:15:00,web-02,22.4,14.6,2.8,5.0,0.88
2024-03-20T22:15:00,web-03,26.3,18.5,4.8,3.1,1.01
2024-03-20T22:20:00,web-01,27.9,19.5,5.1,3.2,1.06
2024-03-20T22:20:00,web-02,27.2,18.9,4.4,3.9,1.00
2024-03-20T22:20:00,web-03,25.8,19.3,4.2,2.3,1.18
2024-03-20T22:25:00,web-01,25.7,16.4,4.4,4.9,1.19
2024-03-20T22:25:00,web-02,24.5,17.5,4.7,2.3,1.10
2024-03-20T22:25:00,web-03,26.6,19.2,4.3,3.2,1.13
2024-03-20T22:30:00,web-01,23.0,16.0,4.6,2.3,0.83
2024-03-20T22:30:00,web-02,20.7,13.7,2.9,4.1,0.67
2024-03-20T22:30:00,web-03,24.0,15.1,4.1,4.8,0.85
2024-03-20T22:35:00,web-01,21.2,14.4,3.8,3.0,0.99
2024-03-20T22:35:00,web-02,23.3,16.9,4.3,2.1,1.07
2024-03-20T22:35:00,web-03,21.9,13.7,2.4,5.7,0.74
2024-03-20T22:40:00,web-01,24.7,17.6,2.9,4.1,1.06
2024-03-20T22:40:00,web-02,30.4,19.8,3.3,7.3,1.15
2024-03-20T22:40:00,web-03,24.9,17.9,3.3,3.7,0.90
2024-03-20T22:45:00,web-01,22.4,14.4,4.2,3.8,0.89
2024-03-20T22:45:00,web-02,27.7,20.5,3.0,4.2,1.28
2024-03-20T22:45:00,web-03,22.0,14.9,4.1,3.0,0.84
2024-03-20T22:50:00,web-01,24.7,18.0,2.8,3.9,0.87
2024-03-20T22:50:00,web-02,26.0,17.2,4.1,4.7,1.21
2024-03-20T22:50:00,web-03,22.5,15.9,4.0,2.6,0.89
2024-03-20T22:55:00,web-01,25.7,17.8,3.0,4.8,1.08
2024-03-20T22:55:00,web-02,27.4,19.6,3.2,4.6,1.21
2024-03-20T22:55:00,web-03,25.1,16.9,4.4,3.8,0.84
2024-03-20T23:00:00,web-01,21.8,14.4,4.3,3.1,0.83
2024-03-20T23:00:00,web-02,22.2,13.4,2.7,6.1,0.84
2024-03-20T23:00:00,web-03,27.6,20.0,3.3,4.3,1.18
2024-03-20T23:05:00,web-01,25.2,17.5,3.2,4.6,1.09
2024-03-20T23:05:00,web-02,24.1,15.9,3.8,4.4,0.84
2024-03-20T23:05:00,web-03,26.3,19.0,3.4,3.9,0.96
2024-03-20T23:10:00,web-01,24.4,15.9,4.6,3.9,1.17
2024-03-20T23:10:00,web-02,21.0,13.7,4.0,3.3,0.79
2024-03-20T23:10:00,web-03,27.8,20.5,3.9,3.4,0.99
2024-03-20T23:15:00,web-01,31.8,22.5,3.6,5.6,1.39
2024-03-20T23:15:00,web-02,23.5,15.4,3.9,4.2,0.76
2024-03-20T23:15:00,web-03,24.0,17.6,3.0,3.4,0.97
2024-03-20T23:20:00,web-01,34.3,24.0,5.7,4.6,1.11
2024-03-20T23:20:00,web-02,27.9,19.6,4.0,4.3,1.06
2024-03-20T23:20:00,web-03,21.7,13.5,3.7,4.5,0.92
2024-03-20T23:25:00,web-01,24.0,15.5,4.0,4.5,1.02
2024-03-20T23:25:00,web-02,24.5,15.2,4.5,4.8,0.82
2024-03-20T23:25:00,web-03,29.1,20.6,3.2,5.2,0.98
2024-03-20T23:30:00,web-01,26.6,16.7,3.4,6.5,1.07
2024-03-20T23:30:00,web-02,26.2,16.5,4.5,5.2,0.96
2024-03-20T23:30:00,web-03,28.4,17.9,5.5,5.0,1.06
2024-03-20T23:35:00,web-01,25.9,15.5,4.3,6.0,1.20
2024-03-20T23:35:00,web-02,27.3,17.0,3.0,7.3,1.10
2024-03-20T23:35:00,web-03,21.2,15.0,2.3,3.8,0.76
2024-03-20T23:40:00,web-01,26.1,16.8,3.8,5.5,0.88
2024-03-20T23:40:00,web-02,33.9,21.2,3.5,9.2,1.24
2024-03-20T23:40:00,web-03,25.8,18.4,2.8,4.6,1.14
2024-03-20T23:45:00,web-01,22.5,13.7,4.2,4.7,0.96
2024-03-20T23:45:00,web-02,26.4,17.5,4.3,4.5,1.21
2024-03-20T23:45:00,web-03,27.5,16.9,5.0,5.6,0.96
2024-03-20T23:50:00,web-01,18.8,12.0,2.6,4.1,0.86
2024-03-20T23:50:00,web-02,29.5,21.2,4.9,3.4,1.32
2024-03-20T23:50:00,web-03,28.5,17.4,5.5,5.6,0.99
2024-03-20T23:55:00,web-01,28.0,18.6,4.5,5.0,1.26
2024-03-20T23:55:00,web-02,24.2,15.9,3.3,5.0,0.78
2024-03-20T23:55:00,web-03,23.3,16.4,4.3,2.6,1.11
